"plot","lon","lat","elevation","slope","aspect","drainage"
"A0",18.548036,-31.264916,199.309665679932,0.0218626361572717,1.50793319188213,1.62691943250692e-10
"A5",18.5480779,-31.2649409,199.209964752197,0.0126927397579392,1.48098922077086,8.13459716253462e-11
"A10",18.5481198,-31.2649658,199.155281066895,0.0163796445724727,1.74905534612986,2.44037900998251e-10
"A15",18.5481617,-31.2649907,199.130702972412,0.0185363543297412,1.25274246761979,8.13459716253462e-11
"A20",18.5482036,-31.2650156,199.068954467773,0.0271124651110996,1.36743741147419,8.13459716253462e-11
"A25",18.5482455,-31.2650405,198.98140335083,0.0323714465246958,1.05257612063716,1.62691943250692e-10
"A30",18.5482874,-31.2650654,198.885066986084,0.0442860765048015,1.13621316973657,4.88075801996501e-10
"A35",18.5483293,-31.2650903,198.803001403809,0.0396772967959311,0.889360520787333,5.69421787499635e-10
"A40",18.5483712,-31.2651152,198.765670776367,0.0472164741775749,0.938800107040601,4.88075801996501e-10
"A45",18.5484131,-31.2651401,198.733409881592,0.0533609827561687,0.509520847314392,1.62691943250692e-10
"A50",18.548455,-31.265165,198.765331268311,0.0534948984910352,0.796227369557358,9.76151603993003e-10
"B0",18.5480053,-31.2649509,199.290504455566,0.0307962168122911,3.76655058670474,2.44037900998251e-10
"B5",18.54804723,-31.26497598,199.142707824707,0.0173989303473617,1.76440210453805,8.9480567400102e-10
"B10",18.54808916,-31.26500106,199.179996490479,0.0231953318719478,3.57739954660629,1.62691943250692e-10
"B15",18.54813109,-31.26502614,199.12841796875,0.0255285080891315,3.205785350745,2.44037900998251e-10
"B20",18.54817302,-31.26505122,199.089553833008,0.0164479517803068,4.40114163518172,2.44037900998251e-10
"B25",18.54821495,-31.2650763,199.074634552002,0.019795085917911,1.59531186801091,1.62691943250692e-10
"B30",18.54825688,-31.26510138,198.987506866455,0.0147176970123964,1.6209407671226,1.62691943250692e-10
"B35",18.54829881,-31.26512646,198.932888031006,0.0184422325901795,0.787753344507198,2.44037900998251e-10
"B40",18.54834074,-31.26515154,198.94437789917,0.026066773077044,0.646076622788493,1.62691943250692e-10
"B45",18.54838267,-31.26517662,198.930728912354,0.026751291633471,0.704398593250856,2.44037900998251e-10
"B50",18.5484246,-31.2652017,198.921287536621,0.0228488109427259,0.776571282736706,3.25383886501385e-10
"C0",18.5479746,-31.2649858,199.072441101074,0.0397828265937067,3.82893552101884,4.06729844248943e-10
"C5",18.54801656,-31.26501106,199.051738739014,0.0358030011852072,3.64397129729632,3.25383886501385e-10
"C10",18.54805852,-31.26503632,199.028984069824,0.0276725494131333,3.95874754199937,4.88075801996501e-10
"C15",18.54810048,-31.26506158,199.024356842041,0.0142932497313789,3.35260232211772,5.69421787499635e-10
"C20",18.54814244,-31.26508684,199.013206481934,0.0119570401231825,4.16036834596486,2.03364924900029e-09
"C25",18.5481844,-31.2651121,199.033195495605,0.0175920971717446,3.69266432018234,8.13459716253462e-11
"C30",18.54822636,-31.26513736,198.98583984375,0.0179453739874065,2.82092276562943,8.13459716253462e-11
"C35",18.54826832,-31.26516262,198.950408935547,0.0253763392512117,3.87130948549249,1.62691943250692e-10
"C40",18.54831028,-31.26518788,198.904788970947,0.0241354690826435,3.82575936586353,6.50767773002769e-10
"C45",18.54835224,-31.26521314,198.958923339844,0.0199885659226559,4.38917298099314,4.06729844248943e-10
"C50",18.5483942,-31.2652384,199.000213623047,0.0142924733667101,0.23076817034999,3.25383886501385e-10
"D0",18.5479439,-31.2650207,198.895183563232,0.0426939221664127,3.38910215934643,1.4642274059895e-09
"D5",18.54798589,-31.26504614,198.826244354248,0.0376944276983723,4.00939107630886,6.50767773002769e-10
"D10",18.54802788,-31.26507158,198.869831085205,0.0323731530712431,4.11070793579157,7.32113702994752e-10
"D15",18.54806987,-31.26509702,198.898326873779,0.0300800873547458,3.64437217722815,8.13459716253462e-11
"D20",18.54811186,-31.26512246,198.937522888184,0.0259643347679643,4.04650567240064,1.62691943250692e-10
"D25",18.54815385,-31.2651479,198.964691162109,0.0144743801932662,3.92566622711594,1.62691943250692e-10
"D30",18.54819584,-31.26517334,198.915306091309,0.0205058695670074,3.04339273923449,3.25383886501385e-10
"D35",18.54823783,-31.26519878,198.827590942383,0.0197519366647294,3.38812102088423,7.32113702994752e-10
"D40",18.54827982,-31.26522422,198.796585083008,0.0156898149328254,4.16032759497336,5.77556358294373e-09
"D45",18.54832181,-31.26524966,198.923145294189,0.0316735041030837,4.94931764697445,1.62691943250692e-10
"D50",18.5483638,-31.2652751,199.085388183594,0.0316567865455222,5.20815864326052,8.13459716253462e-11
"E0",18.5479132,-31.2650556,198.781688690186,0.0176570472699659,2.77506369893177,5.69421787499635e-10
"E5",18.54795522,-31.26508122,198.772151947021,0.0224798198298689,4.09033950121142,1.62691943250692e-10
"E10",18.54799724,-31.26510684,198.760883331299,0.0200845620852851,3.7712676390635,1.05749764500729e-09
"E15",18.54803926,-31.26513246,198.769538879395,0.0231070292741221,4.06284636835911,3.25383886501385e-10
"E20",18.54808128,-31.26515808,198.815254211426,0.0266284374354195,4.36619837681181,2.44037900998251e-10
"E25",18.5481233,-31.2651837,198.861145019531,0.018517176524792,3.8327469987235,4.88075801996501e-10
"E30",18.54816532,-31.26520932,198.824600219727,0.0259520913444121,3.50550969186458,1.22018950499125e-09
"E35",18.54820734,-31.26523494,198.800045013428,0.00677544156429052,2.97007795843141,8.13459716253462e-11
"E40",18.54824936,-31.26526056,198.76439666748,0.0111891092407073,4.59219957319119,1.70826530698776e-09
"E45",18.54829138,-31.26528618,198.811218261719,0.0178599570798842,4.38305421455338,8.13459688497886e-10
"E50",18.5483334,-31.2653118,198.926040649414,0.041430216035665,4.49068124490653,6.50767773002769e-10
"F0",18.5478825,-31.2650905,198.707355499268,0.0115691548221611,3.61721407189237,2.44037900998251e-10
"F5",18.54792455,-31.2651163,198.68811416626,0.0125997398668419,3.23403051290031,8.13459716253462e-11
"F10",18.5479666,-31.2651421,198.683025360107,0.0180412115393154,3.38724954536491,1.62691943250692e-10
"F15",18.54800865,-31.2651679,198.65571975708,0.0172434164492488,3.75583612814821,5.69421787499635e-10
"F20",18.5480507,-31.2651937,198.697471618652,0.0240985331417681,4.07037061560545,1.13884357499927e-09
"F25",18.54809275,-31.2652195,198.723075866699,0.0340630292269577,3.88809248855513,5.69421787499635e-10
"F30",18.5481348,-31.2652453,198.791095733643,0.0226227166378625,4.51835008822838,1.62691943250692e-10
"F35",18.54817685,-31.2652711,198.806789398193,0.00686195973929572,2.07638968952126,8.13459716253462e-11
"F40",18.5482189,-31.2652969,198.73815536499,0.00610293842997833,3.79230214366022,3.25383879840047e-08
"F45",18.54826095,-31.2653227,198.791408538818,0.0150072898310195,5.07730120413944,8.13459716253462e-11
"F50",18.548303,-31.2653485,198.855304718018,0.0149870027340016,4.85573019711253,1.05749764500729e-09
"G0",18.5478518,-31.2651254,198.625957489014,0.0384332387626553,3.27624666140007,1.62691943250692e-10
"G5",18.54789388,-31.26515138,198.563285827637,0.030433151553632,3.46113480740441,1.78961134800204e-09
"G10",18.54793596,-31.26517736,198.549446105957,0.0241921365087069,3.88754787981342,2.44037900998251e-10
"G15",18.54797804,-31.26520334,198.58655166626,0.016846028437205,3.58947331789439,8.13459716253462e-11
"G20",18.54802012,-31.26522932,198.583114624023,0.0106930067422395,4.30355520140503,8.37863467495481e-09
"G25",18.5480622,-31.2652553,198.648315429688,0.0171269187594486,4.48935271271274,8.13459716253462e-11
"G30",18.54810428,-31.26528128,198.703010559082,0.0305584856163456,4.74686972769623,8.13459688497886e-10
"G35",18.54814636,-31.26530726,198.769542694092,0.0102087921931567,3.22612184619824,8.13459716253462e-11
"G40",18.54818844,-31.26533324,198.711013793945,0.00180649404023397,2.82205505837824,6.66223485268347e-08
"G45",18.54823052,-31.26535922,198.775230407715,0.0160529355956649,5.02166841853228,8.13459716253462e-11
"G50",18.5482726,-31.2653852,198.839282989502,0.0131675250621655,4.97598588620844,9.76151603993003e-10
"H0",18.5478211,-31.2651603,198.461372375488,0.0306717534465332,3.33549209026747,4.88075801996501e-10
"H5",18.54786321,-31.26518646,198.405960083008,0.0256429668906918,3.5195195251793,2.68441691098076e-09
"H10",18.54790532,-31.26521262,198.432205200195,0.0207732410433046,4.36101597030048,1.09817053228767e-08
"H15",18.54794743,-31.26523878,198.512725830078,0.0207924343426642,4.61301470833474,8.13459716253462e-11
"H20",18.54798954,-31.26526494,198.538410186768,0.0213022261574023,4.01263259532014,1.62691943250692e-10
"H25",18.54803165,-31.2652911,198.54122543335,0.0279191838673081,3.39372006954341,1.62691943250692e-10
"H30",18.54807376,-31.26531726,198.513004302979,0.0436150436355921,4.18170360495789,8.9480567400102e-10
"H35",18.54811587,-31.26534342,198.647472381592,0.0428026045439189,3.96712614590102,2.44037900998251e-10
"H40",18.54815798,-31.26536958,198.729198455811,0.00836285825434029,5.62105412290332,8.13459716253462e-11
"H45",18.54820009,-31.26539574,198.779178619385,0.0202545151034012,5.73746632653576,8.13459716253462e-11
"H50",18.5482422,-31.2654219,198.842567443848,0.0103057596625423,5.8122834372429,4.06729844248943e-10
"I0",18.5477904,-31.2651952,198.385738372803,0.0155317630252051,2.9868857558998,2.44037900998251e-10
"I5",18.54783254,-31.26522154,198.332153320312,0.0203431377423384,3.48982536882953,1.87095738901633e-09
"I10",18.54787468,-31.26524788,198.380020141602,0.025262421926723,4.91684904505841,6.50767773002769e-10
"I15",18.54791682,-31.26527422,198.455123901367,0.0171351324834732,4.83307351821542,3.25383886501385e-10
"I20",18.54795896,-31.26530056,198.442802429199,0.019091507795669,2.55987607022066,2.44037900998251e-10
"I25",18.5480011,-31.2653269,198.389385223389,0.0270901375264431,4.07006571321922,1.62691943250692e-10
"I30",18.54804324,-31.26535324,198.413757324219,0.0175324489694132,5.05537496315446,8.05325086616904e-08
"I35",18.54808538,-31.26537958,198.508041381836,0.0290944939411051,4.9882690128621,6.50767773002769e-10
"I40",18.54812752,-31.26540592,198.63317489624,0.035604672534616,4.80541150195792,9.02940211489067e-09
"I45",18.54816966,-31.26543226,198.741184234619,0.03442986553659,5.0469798896827,5.69421787499635e-10
"I50",18.5482118,-31.2654586,198.873432159424,0.00899969187119236,5.3507258626046,8.13459716253462e-11
"J0",18.5477597,-31.2652301,198.317325592041,0.0274272335923642,3.29704973000876,2.44037900998251e-10
"J5",18.54780187,-31.26525662,198.254222869873,0.0106998556455378,3.52827777055897,6.34498542595452e-09
"J10",18.54784404,-31.26528314,198.292728424072,0.0188614992054509,4.53813831493589,7.32113702994752e-10
"J15",18.54788621,-31.26530966,198.398826599121,0.030252507493703,4.41172774573455,8.13459716253462e-11
"J20",18.54792838,-31.26533618,198.384937286377,0.0344447766876363,3.21905294476116,2.44037900998251e-10
"J25",18.54797055,-31.2653627,198.301467895508,0.0183800492720739,4.31212127902237,9.54188195123606e-08
"J30",18.54801272,-31.26538922,198.371547698975,0.0210636531331608,4.04424387578814,1.62691943250692e-10
"J35",18.54805489,-31.26541574,198.452125549316,0.0214932914559319,5.05745437325925,8.13459716253462e-11
"J40",18.54809706,-31.26544226,198.59285736084,0.0319280786844688,4.83813991808164,1.62691943250692e-10
"J45",18.54813923,-31.26546878,198.716197967529,0.0231071984044287,4.77863948381609,8.13459716253462e-11
"J50",18.5481814,-31.2654953,198.810470581055,0.024761689287067,5.25223528550868,1.30153554600554e-09
"K0",18.547729,-31.265265,198.216831207275,0.0197668115699954,3.43376640967925,3.25383886501385e-10
"K5",18.5477712,-31.2652917,198.202251434326,0.0112229734222699,3.54688040179686,8.9480567400102e-10
"K10",18.5478134,-31.2653184,198.225582122803,0.0172452549896273,4.26115546078633,4.06729844248943e-10
"K15",18.5478556,-31.2653451,198.233921051025,0.0286060413439394,3.38011411908773,6.50767773002769e-10
"K20",18.5478978,-31.2653718,198.206588745117,0.0268385227352783,3.67936071982141,8.13459716253462e-11
"K25",18.54794,-31.2653985,198.241348266602,0.0138429992372506,5.42082617917395,2.19634110898426e-09
"K30",18.5479822,-31.2654252,198.300788879395,0.0166508705103872,5.09785222488461,4.88075801996501e-10
"K35",18.5480244,-31.2654519,198.401393890381,0.0205051458355891,5.06269627142705,5.36883382196152e-09
"K40",18.5480666,-31.2654786,198.533630371094,0.0259443024939936,4.84484609365165,2.44037900998251e-09
"K45",18.5481088,-31.2655053,198.655952453613,0.0352953145057561,4.83446558276095,4.06729849800058e-09
"K50",18.548151,-31.265532,198.805335998535,0.0288320918032717,4.9237285394633,1.70826530698776e-09
"L50",18.547419,-31.264956,198.071659088135,0.0483882832591821,0.0748042551093124,9.76151603993003e-10
"L45",18.5474454,-31.2649945,198.275547027588,0.0631961456595812,0.0378475845592554,5.69421787499635e-10
"L40",18.5474718,-31.265033,198.565490722656,0.00828966539401345,5.55674794750343,8.13459716253462e-11
"L35",18.5474982,-31.2650715,198.462432861328,0.0389436975023947,3.06822840656346,3.25383886501385e-10
"L30",18.5475246,-31.26511,198.361484527588,0.014797706572939,3.19008389309188,6.50767773002769e-10
"L25",18.547551,-31.2651485,198.351806640625,0.0183194304371884,4.22950142792331,8.13459716253462e-11
"L20",18.5475774,-31.265187,198.329620361328,0.00849697821237366,2.39686165709243,8.13459716253462e-11
"L15",18.5476038,-31.2652255,198.201614379883,0.0270798612893569,3.46544271180588,4.88075801996501e-10
"L10",18.5476302,-31.265264,198.123794555664,0.0245145957783571,3.57996704158645,4.06729849800058e-09
"L5",18.5476566,-31.2653025,198.072860717773,0.0199024864711399,4.4768585550825,6.26363938494023e-09
"L0",18.547683,-31.265341,198.140182495117,0.0113655552617959,4.94708133506864,1.62691943250692e-10
"M50",18.5473734,-31.2649785,198.128116607666,0.0584822508959799,6.17192368673127,8.13459688497886e-10
"M45",18.54739991,-31.265017,198.442623138428,0.0446980201227922,0.0701944017622858,3.25383886501385e-10
"M40",18.54742642,-31.2650555,198.575099945068,0.00510189175767415,1.77166450449478,8.13459716253462e-11
"M35",18.54745293,-31.265094,198.446063995361,0.0444648577105962,2.69849829572974,5.69421787499635e-10
"M30",18.54747944,-31.2651325,198.302268981934,0.0239076193639068,3.0872371857906,1.62691937699577e-09
"M25",18.54750595,-31.265171,198.232303619385,0.0134533157781087,4.25505554603282,3.25383886501385e-10
"M20",18.54753246,-31.2652095,198.234092712402,0.0377569070013499,4.90266129899152,2.44037900998251e-10
"M15",18.54755897,-31.265248,198.147766113281,0.0426272351729476,2.78990803577487,4.88075801996501e-10
"M10",18.54758548,-31.2652865,198.0133934021,0.0190971252045045,3.63860970362856,1.70826530698776e-09
"M5",18.54761199,-31.265325,198.023410797119,0.0140147145707538,4.94166017210587,2.68441691098076e-09
"M0",18.5476385,-31.2653635,198.094345092773,0.0199757778321545,5.19335459338815,1.62691943250692e-10
"N50",18.5473278,-31.265001,198.373500823975,0.0672156932028159,0.431352705135797,9.76151603993003e-10
"N45",18.54735442,-31.2650395,198.486385345459,0.0239062244430197,5.56055060743835,2.44037900998251e-10
"N40",18.54738104,-31.265078,198.545246124268,0.0189725773988806,3.93769283236538,2.44037900998251e-10
"N35",18.54740766,-31.2651165,198.41015625,0.0433687798294439,2.694787681265,8.13459716253462e-11
"N30",18.54743428,-31.265155,198.238571166992,0.031020726168408,3.27802485437282,8.13459688497886e-10
"N25",18.5474609,-31.2651935,198.16166305542,0.023157282778601,3.72657068823869,3.25383875399154e-09
"N20",18.54748752,-31.265232,198.068870544434,0.027149183264187,4.86248724116333,3.25383886501385e-10
"N15",18.54751414,-31.2652705,198.036785125732,0.0479208752769786,3.11953757768173,2.44037900998251e-10
"N10",18.54754076,-31.265309,197.942863464355,0.0164555171217239,3.78879414359933,1.05749764500729e-09
"N5",18.54756738,-31.2653475,197.96781539917,0.0235889407818373,4.63440944022098,2.44037900998251e-10
"N0",18.547594,-31.265386,198.028232574463,0.0348249963011067,4.81188707327557,1.62691943250692e-10
"O50",18.5472822,-31.2650235,198.502433776855,0.0238012872604564,1.60020444752307,5.69421787499635e-10
"O45",18.54730893,-31.265062,198.486179351807,0.00684645311221068,1.28339553024046,8.13459716253462e-11
"O40",18.54733566,-31.2651005,198.479885101318,0.00398925153429562,4.70040329882737,8.13459716253462e-11
"O35",18.54736239,-31.265139,198.387889862061,0.04197477261496,2.79956569591422,7.32113702994752e-10
"O30",18.54738912,-31.2651775,198.148487091064,0.0390724577565721,2.99201637912569,9.76151603993003e-10
"O25",18.54741585,-31.265216,198.066669464111,0.0214449120641877,3.77374270404762,2.44037900998251e-10
"O20",18.54744258,-31.2652545,197.972141265869,0.0249753448246937,3.38085389673853,1.52116967910843e-08
"O15",18.54746931,-31.265293,197.923358917236,0.0299744285544423,3.80631713943994,6.50767773002769e-10
"O10",18.54749604,-31.2653315,197.853256225586,0.015801226931667,3.99428442951422,9.76151603993003e-10
"O5",18.54752277,-31.26537,197.86563873291,0.0119456922238371,4.63313974923887,8.9480567400102e-10
"O0",18.5475495,-31.2654085,197.909236907959,0.0232989821979069,4.63057539589146,4.06729844248943e-10
"P50",18.5472366,-31.265046,198.5676612854,0.00821111521312969,3.26413175922833,8.13459716253462e-11
"P45",18.54726344,-31.2650845,198.518493652344,0.0301019672448857,3.48883198447081,1.62691943250692e-10
"P40",18.54729028,-31.265123,198.442535400391,0.0295513258390527,3.77982454772126,1.62691943250692e-10
"P35",18.54731712,-31.2651615,198.335765838623,0.0378884451387944,2.77240423475361,8.13459716253462e-11
"P30",18.54734396,-31.2652,198.134956359863,0.0409846200678873,2.64253564681772,2.44037900998251e-10
"P25",18.5473708,-31.2652385,197.983203887939,0.0217592452705127,3.13839079603762,1.62691937699577e-09
"P20",18.54739764,-31.265277,197.886077880859,0.0208039187242382,2.8711030122582,4.88075801996501e-10
"P15",18.54742448,-31.2653155,197.854740142822,0.0145601376891247,3.01199169661265,8.9480567400102e-10
"P10",18.54745132,-31.265354,197.804824829102,0.00577046995311743,4.17847241863228,4.90516178786038e-08
"P5",18.54747816,-31.2653925,197.812477111816,0.0102750159940773,4.30504688636306,2.44037900998251e-10
"P0",18.547505,-31.265431,197.829998016357,0.0156572280008138,5.06965645495029,7.23979098893324e-09
"Q50",18.547191,-31.2650685,198.454875946045,0.0318498272568914,3.83431423934039,3.25383886501385e-10
"Q45",18.54721795,-31.265107,198.358585357666,0.0349072063663301,3.48714815450616,4.88075801996501e-10
"Q40",18.5472449,-31.2651455,198.269199371338,0.0323903006290966,3.78568184502196,4.88075801996501e-10
"Q35",18.54727185,-31.265184,198.260082244873,0.0270286837467515,3.80708621976009,1.62691943250692e-10
"Q30",18.5472988,-31.2652225,198.136535644531,0.0312058253567287,2.66319526632703,1.62691943250692e-10
"Q25",18.54732575,-31.265261,197.950275421143,0.0331764110549486,2.53736338366507,8.13459688497886e-10
"Q20",18.5473527,-31.2652995,197.861175537109,0.0135352269255235,3.10181009842346,2.27768714999854e-09
"Q15",18.54737965,-31.265338,197.836521148682,0.00513492924099075,3.3783909954686,8.13459716253462e-11
"Q10",18.5474066,-31.2653765,197.765617370605,0.012821087013839,3.85653467630464,8.13459716253462e-11
"Q5",18.54743355,-31.265415,197.754192352295,0.0121997376638306,4.44154020490931,8.13459716253462e-11
"Q0",18.5474605,-31.2654535,197.799934387207,0.0128809879067872,5.02372069502667,8.13459716253462e-11
"R50 ",18.5471454,-31.265091,198.323993682861,0.0202761551664822,3.48769526009237,1.13884357499927e-09
"R45 ",18.54717246,-31.2651295,198.267734527588,0.0148122901368209,3.31410765826004,8.9480567400102e-10
"R40 ",18.54719952,-31.265168,198.20874786377,0.0150332448343113,3.19692062577754,1.05749764500729e-09
"R35 ",18.54722658,-31.2652065,198.147968292236,0.0122602662326532,3.76678267057622,7.32113702994752e-10
"R30 ",18.54725364,-31.265245,198.153148651123,0.0141571450944375,3.03239197919569,8.13459716253462e-11
"R25 ",18.5472807,-31.2652835,197.987045288086,0.0376780989714898,2.48378328083895,3.25383886501385e-10
"R20 ",18.54730776,-31.265322,197.820346832275,0.0172109306435505,3.15426455496177,8.9480567400102e-10
"R15 ",18.54733482,-31.2653605,197.797393798828,0.0105620366773986,3.88277333220999,3.21316591112009e-08
"R10 ",18.54736188,-31.265399,197.741165161133,0.0134339939569278,2.71298664243253,8.13459716253462e-11
"R5 ",18.54738894,-31.2654375,197.710857391357,0.00250913458464599,3.93604992437898,8.13459716253462e-11
"R0 ",18.547416,-31.265476,197.740016937256,0.0124058716985967,4.68483035755849,8.13459716253462e-11
"S50",18.5470998,-31.2651135,198.272693634033,0.0153884792271331,3.34525820277699,1.30153554600554e-09
"S45",18.54712697,-31.265152,198.21745300293,0.014225368389941,3.38458360881554,1.62691937699577e-09
"S40",18.54715414,-31.2651905,198.163475036621,0.0112477743700245,2.95984075052209,4.88075801996501e-09
"S35",18.54718131,-31.265229,198.101051330566,0.0155907105477484,3.17122721955142,1.30153554600554e-09
"S30",18.54720848,-31.2652675,198.064521789551,0.0215385037412445,3.88985741676754,4.88075801996501e-10
"S25",18.54723565,-31.265306,197.931438446045,0.0435774723193994,3.02220346881593,4.88075801996501e-10
"S20",18.54726282,-31.2653445,197.775588989258,0.0177678531967585,3.07846027237924,8.13459716253462e-11
"S15",18.54728999,-31.265383,197.757663726807,0.00754188808195161,4.06383908230879,8.13459716253462e-11
"S10",18.54731716,-31.2654215,197.730613708496,0.00216024078760665,3.88698687492265,8.13459716253462e-11
"S5",18.54734433,-31.26546,197.731086730957,0.0138836918550863,0.339170631765638,8.13459716253462e-11
"S0",18.5473715,-31.2654985,197.756874084473,0.0113092272008295,0.416277458755823,8.13459716253462e-11
"T50",18.5470542,-31.265136,198.247856140137,0.0165454463032741,2.39716130821926,6.50767773002769e-10
"T45",18.54708148,-31.2651745,198.188129425049,0.00755717287828208,2.80384489280567,2.38343691449927e-08
"T40",18.54710876,-31.265213,198.147686004639,0.0122419430875366,2.88197509419616,8.13459716253462e-11
"T35",18.54713604,-31.2652515,198.050720214844,0.0116373613134146,2.75379494487865,2.76576295199504e-09
"T30",18.54716332,-31.26529,198.005359649658,0.012814535745139,3.35794001470079,2.35903319101283e-09
"T25",18.5471906,-31.2653285,197.889278411865,0.0314693370451896,2.64587413669768,5.4501798629758e-09
"T20",18.54721788,-31.265367,197.755390167236,0.0118318409984087,2.41456675085866,8.13459716253462e-11
"T15",18.54724516,-31.2654055,197.715747833252,0.00308889719914356,1.48633572004345,8.13459716253462e-11
"T10",18.54727244,-31.265444,197.721599578857,0.00667136106915943,5.68775729833602,8.13459716253462e-11
"T5",18.54729972,-31.2654825,197.778690338135,0.0147660477959919,0.26039058413308,8.13459716253462e-11
"T0",18.547327,-31.265521,197.803398132324,0.0129095835800638,0.238707750778312,2.44037900998251e-10
"U50",18.5470086,-31.2651585,198.28430557251,0.0136427298461772,1.78411328441856,1.62691943250692e-10
"U45",18.54703599,-31.265197,198.230888366699,0.0137722170203696,2.67207946967549,5.28748778094723e-09
"U40",18.54706338,-31.2652355,198.143573760986,0.0217127353521495,2.26122956551972,4.06729844248943e-10
"U35",18.54709077,-31.265274,198.077503204346,0.0125751201378408,1.74006974679945,8.13459716253462e-11
"U30",18.54711816,-31.2653125,197.975746154785,0.0160512840928396,2.74423550321303,1.15511271658875e-08
"U25",18.54714555,-31.265351,197.885486602783,0.0260846715092848,2.6302091995505,1.62691943250692e-10
"U20",18.54717294,-31.2653895,197.796783447266,0.0130061829638164,1.95696248320144,3.85498537980311e-07
"U15",18.54720033,-31.265428,197.756469726562,0.0103994911878049,1.61411798479717,8.13459716253462e-11
"U10",18.54722772,-31.2654665,197.75715637207,0.0144086562958206,0.302624127192239,8.13459716253462e-11
"U5",18.54725511,-31.265505,197.796222686768,0.00964149954901617,0.745037817232856,1.62691937699577e-09
"U0",18.5472825,-31.2655435,197.821147918701,0.0083587971596632,0.0682259510636731,8.13459688497886e-10
"V50",18.546963,-31.265181,198.298488616943,0.013246116592499,3.15986013503215,1.62691943250692e-10
"V45",18.5469905,-31.2652195,198.224258422852,0.00932172931295964,3.33400159019301,6.50767773002769e-10
"V40",18.547018,-31.265258,198.182952880859,0.0205267355779429,2.33761634858428,1.62691943250692e-10
"V35",18.5470455,-31.2652965,198.092716217041,0.0184925234649826,2.60148318588058,5.69421787499635e-10
"V30",18.547073,-31.265335,197.986633300781,0.0200070217713525,2.31410580441798,8.9480567400102e-10
"V25",18.5471005,-31.2653735,197.928344726562,0.0111068875339571,1.85671542680195,3.62803007192269e-07
"V20",18.547128,-31.265412,197.84391784668,0.0165355334767483,1.78561794334619,4.88075801996501e-10
"V15",18.5471555,-31.2654505,197.806861877441,0.0140271141092953,1.20001270748275,5.69421787499635e-10
"V10",18.547183,-31.265489,197.834205627441,0.0106352105007507,0.504213209000218,8.13459716253462e-11
"V5",18.5472105,-31.2655275,197.838787078857,0.0127101718085767,0.590618704915786,7.32113702994752e-10
"V0",18.547238,-31.265566,197.844867706299,0.00654921783391789,1.85836647782032,2.44037900998251e-10
"AA50",18.548134,-31.265926,198.262386322021,0.0506895719883139,3.73135152062404,5.69421787499635e-10
"AA45",18.5481661,-31.265962,198.26741027832,0.0494025575138106,4.55533556329223,4.88075801996501e-10
"AA40",18.5481982,-31.265998,198.486747741699,0.060048023533528,5.11544198709756,4.88075801996501e-10
"AA35",18.5482303,-31.266034,198.649143218994,0.0217469915838082,5.9247798493616,8.13459716253462e-11
"AA30",18.5482624,-31.26607,198.672843933105,0.0258959115186477,2.79140096678152,3.25383886501385e-10
"AA25",18.5482945,-31.266106,198.715892791748,0.0209784275928396,5.52029340193068,1.62691943250692e-10
"AA20",18.5483266,-31.266142,198.730564117432,0.0189834124948618,1.65311405532719,2.44037900998251e-10
"AA15",18.5483587,-31.266178,198.692867279053,0.0175741817401917,1.33199800210778,7.32113702994752e-10
"AA10",18.5483908,-31.266214,198.629814147949,0.0277235286111105,1.49715841224647,8.13459688497886e-10
"AA5",18.5484229,-31.26625,198.497550964355,0.0406487142362665,2.14251966983575,1.62691943250692e-10
"AA0",18.548455,-31.266286,198.326572418213,0.0233429170664766,2.15336713883379,4.88075801996501e-10
"AB50",18.5480932,-31.2659539,197.936019897461,0.0771038236832767,3.86751303971503,2.18007194519032e-08
"AB45",18.54812529,-31.26598985,198.040794372559,0.0692968146491495,5.37061689210963,6.50767773002769e-10
"AB40",18.54815738,-31.2660258,198.35192489624,0.0691330252741665,5.29317764934592,4.88075801996501e-10
"AB35",18.54818947,-31.26606175,198.640445709229,0.0363979866773517,5.16256855093451,1.62691943250692e-10
"AB30",18.54822156,-31.2660977,198.691562652588,0.0102484731074961,5.84974052472248,5.69421787499635e-10
"AB25",18.54825365,-31.26613365,198.754440307617,0.0136888035595065,0.525951277023095,1.05749764500729e-09
"AB20",18.54828574,-31.2661696,198.785148620605,0.0167496583489911,0.346302089579749,8.13459716253462e-11
"AB15",18.54831783,-31.26620555,198.770496368408,0.0191434305301984,1.84142524478636,1.62691943250692e-10
"AB10",18.54834992,-31.2662415,198.693450927734,0.023270798705721,2.57018246300652,2.44037900998251e-10
"AB5",18.54838201,-31.26627745,198.482769012451,0.0448993455234464,2.37730307574577,5.69421787499635e-10
"AB0",18.5484141,-31.2663134,198.289276123047,0.0298089261610797,2.87292373321208,8.13459688497886e-10
"AC50",18.5480524,-31.2659818,197.639362335205,0.0423825267271274,4.60697982208513,6.51581189003991e-08
"AC45",18.54808448,-31.2660177,197.830478668213,0.078137486352134,4.94165024870699,4.88075801996501e-10
"AC40",18.54811656,-31.2660536,198.138816833496,0.0721568805904938,5.13532422815659,3.25383886501385e-10
"AC35",18.54814864,-31.2660895,198.449268341064,0.0529845734269944,4.79299368918078,6.50767773002769e-10
"AC30",18.54818072,-31.2661254,198.668712615967,0.0619807797613545,5.60986245674172,1.62691943250692e-10
"AC25",18.5482128,-31.2661613,198.848476409912,0.0274907166892819,0.609441741981054,2.44037900998251e-10
"AC20",18.54824488,-31.2661972,198.864345550537,0.0165910530164561,1.63758360223188,2.44037900998251e-10
"AC15",18.54827696,-31.2662331,198.765338897705,0.0157556537744541,2.76204328134381,7.32113702994752e-10
"AC10",18.54830904,-31.266269,198.661422729492,0.0288408856424493,2.63815999685048,1.62691943250692e-10
"AC5",18.54834112,-31.2663049,198.466026306152,0.050818525679489,2.66299167072525,7.32113702994752e-10
"AC0",18.5483732,-31.2663408,198.224754333496,0.0387300484561203,2.54023380898985,1.05749764500729e-09
"AD50",18.5480116,-31.2660097,197.520221710205,0.0391563462014276,4.67130910753337,1.05749764500729e-09
"AD45",18.54804367,-31.26604555,197.647964477539,0.0504303244976618,5.07057448263097,3.00980085299329e-09
"AD40",18.54807574,-31.2660814,197.92520904541,0.082208892809297,4.87792982993333,3.25383886501385e-10
"AD35",18.54810781,-31.26611725,198.238544464111,0.0726508158316801,5.6462656145925,6.50767773002769e-10
"AD30",18.54813988,-31.2661531,198.638381958008,0.070554597798611,5.63449093023151,3.25383886501385e-10
"AD25",18.54817195,-31.26618895,198.960414886475,0.0226722388878771,1.72802180852094,8.13459716253462e-11
"AD20",18.54820402,-31.2662248,198.872135162354,0.0200590799639925,2.49662126145294,3.25383886501385e-10
"AD15",18.54823609,-31.26626065,198.754146575928,0.0264793368445259,2.58024041539869,1.62691943250692e-10
"AD10",18.54826816,-31.2662965,198.622982025146,0.030079008707756,2.90796007162812,2.44037900998251e-09
"AD5",18.54830023,-31.26633235,198.415897369385,0.0526115353996828,2.67156753982244,1.62691943250692e-10
"AD0",18.5483323,-31.2663682,198.187412261963,0.0388072997446973,2.54310367205191,4.88075801996501e-10
"AE50",18.5479708,-31.2660376,197.367214202881,0.0617252377591847,6.09870388649609,1.4642274059895e-09
"AE45",18.54800286,-31.2660734,197.727058410645,0.0936393253147504,0.011638036301227,5.69421787499635e-10
"AE40",18.54803492,-31.2661092,198.05052947998,0.0706832846048552,6.27022201143794,1.13884357499927e-09
"AE35",18.54806698,-31.266145,198.380535125732,0.0629044564159285,5.83976657103557,7.32113702994752e-10
"AE30",18.54809904,-31.2661808,198.666893005371,0.0555186473201982,5.53244937955215,4.06729844248943e-10
"AE25",18.5481311,-31.2662166,198.953853607178,0.0218624580451585,5.69571534753391,8.13459716253462e-11
"AE20",18.54816316,-31.2662524,198.852794647217,0.0319831985727643,2.46006507278619,3.25383886501385e-10
"AE15",18.54819522,-31.2662882,198.699337005615,0.0307855502269622,2.64288590535109,5.69421787499635e-10
"AE10",18.54822728,-31.266324,198.544960021973,0.0296234048371096,2.91230879875807,6.50767773002769e-10
"AE5",18.54825934,-31.2663598,198.351947784424,0.0477518354714119,2.78014543505019,1.38288147599752e-09
"AE0",18.5482914,-31.2663956,198.133392333984,0.0536240560562356,2.90664061406148,5.69421787499635e-10
"AF50",18.54793,-31.2660655,197.61446762085,0.117242036087678,0.0224791400946764,7.32113702994752e-10
"AF45",18.54796205,-31.26610125,197.992378234863,0.0673769770021335,6.18267341766888,5.69421787499635e-10
"AF40",18.5479941,-31.266137,198.173969268799,0.0451954220352791,5.64041003475573,8.9480567400102e-10
"AF35",18.54802615,-31.26617275,198.387546539307,0.0416880681648888,5.60091498474675,5.69421787499635e-10
"AF30",18.5480582,-31.2662085,198.601726531982,0.0453210314044879,5.54998098627055,2.44037900998251e-10
"AF25",18.54809025,-31.26624425,198.848663330078,0.0776637949515108,4.82821693045121,1.62691943250692e-10
"AF20",18.5481223,-31.26628,198.792995452881,0.0361255626016273,4.34512731460379,5.69421787499635e-10
"AF15",18.54815435,-31.26631575,198.71012878418,0.0317191370915496,2.27340528515748,2.44037900998251e-10
"AF10",18.5481864,-31.2663515,198.551025390625,0.0410205426969362,2.28181657542601,4.88075801996501e-10
"AF5",18.54821845,-31.26638725,198.304107666016,0.0411273659731648,2.42672412843975,8.13459688497886e-10
"AF0",18.5482505,-31.266423,198.098159790039,0.0469588642428584,2.46603224749925,1.13884357499927e-09
"AG50",18.5478892,-31.2660934,197.846965789795,0.048061413435069,5.75103005797823,7.32113702994752e-10
"AG45",18.54792124,-31.2661291,198.058689117432,0.0329492618082848,5.49389043312663,4.06729844248943e-10
"AG40",18.54795328,-31.2661648,198.201854705811,0.0332939709792798,5.7476550572457,8.13459716253462e-11
"AG35",18.54798532,-31.2662005,198.402606964111,0.0469268800517806,5.70526289810686,2.44037900998251e-10
"AG30",18.54801736,-31.2662362,198.577537536621,0.0165950346270275,5.96804944538883,8.13459716253462e-11
"AG25",18.5480494,-31.2662719,198.534545898438,0.0203627930790117,4.88152671152319,8.13459716253462e-11
"AG20",18.54808144,-31.2663076,198.595329284668,0.0211002290183074,4.15252572861566,4.06729844248943e-10
"AG15",18.54811348,-31.2663433,198.71378326416,0.0144911113526637,3.08300392901573,8.13459716253462e-11
"AG10",18.54814552,-31.266379,198.572032928467,0.0416768082971438,2.43295052595439,4.06729844248943e-10
"AG5",18.54817756,-31.2664147,198.311592102051,0.0616654661369784,2.36929241310087,6.50767773002769e-10
"AG0",18.5482096,-31.2664504,198.068355560303,0.0533970788228751,2.63893495759924,9.76151603993003e-10
"AH50",18.5478484,-31.2661213,197.727966308594,0.0777723690176227,5.0315059811508,2.27768714999854e-09
"AH45",18.54788043,-31.26615695,198.003589630127,0.0490129982822687,5.4673075790234,2.44037900998251e-10
"AH40",18.54791246,-31.2661926,198.143177032471,0.0200238265340399,4.3214133466516,7.32113702994752e-10
"AH35",18.54794449,-31.26622825,198.272422790527,0.0648882346974098,5.37855481556312,4.06729844248943e-10
"AH30",18.54797652,-31.2662639,198.61018371582,0.0635302757859473,5.29645250588247,1.62691943250692e-10
"AH25",18.54800855,-31.26629955,198.537700653076,0.0151370511304403,1.48050042414822,8.13459716253462e-11
"AH20",18.54804058,-31.2663352,198.550594329834,0.0209173253995486,5.39175516343391,8.13459716253462e-11
"AH15",18.54807261,-31.26637085,198.603019714355,0.0282539190990952,4.63428327904786,8.13459716253462e-11
"AH10",18.54810464,-31.2664065,198.564441680908,0.0247599318825457,2.81538214371119,4.06729844248943e-10
"AH5",18.54813667,-31.26644215,198.325214385986,0.0606205150047015,2.47550897059051,7.32113702994752e-10
"AH0",18.5481687,-31.2664778,198.05908203125,0.052422578187278,2.60231743538339,6.50767773002769e-10
"AI50",18.5478076,-31.2661492,197.598217010498,0.0754841151139181,5.26619329695395,1.00869002039872e-08
"AI45",18.54783962,-31.2661848,197.944499969482,0.043139927924577,5.24154522905007,9.76151603993003e-09
"AI40",18.54787164,-31.2662204,198.086254119873,0.0346067177221615,5.38465548893063,6.50767773002769e-10
"AI35",18.54790366,-31.266256,198.27417755127,0.0435660326856352,5.5075037305806,3.25383886501385e-10
"AI30",18.54793568,-31.2662916,198.480667114258,0.0433882747821386,4.89339229607617,3.25383886501385e-10
"AI25",18.5479677,-31.2663272,198.592975616455,0.0200094318227909,6.25647107079037,2.44037900998251e-10
"AI20",18.54799972,-31.2663628,198.661441802979,0.0474327360095342,1.13907329623642,8.13459716253462e-11
"AI15",18.54803174,-31.2663984,198.574138641357,0.0170354120934377,1.81027676912594,8.13459716253462e-11
"AI10",18.54806376,-31.266434,198.451965332031,0.0431628409273742,3.77165695465894,8.13459716253462e-11
"AI5",18.54809578,-31.2664696,198.301181793213,0.0387778865010305,2.76709732550149,8.13459716253462e-11
"AI0",18.5481278,-31.2665052,198.021488189697,0.0511053391682453,2.57357522637217,4.06729844248943e-10
"AJ50",18.5477668,-31.2661771,197.480010986328,0.0921589045383774,5.43838103903257,3.25383886501385e-10
"AJ45",18.54779881,-31.26621265,197.825458526611,0.0501889526390341,4.80627553775881,4.88075801996501e-10
"AJ40",18.54783082,-31.2662482,197.976371765137,0.0496391896866278,4.70868365639489,4.06729844248943e-10
"AJ35",18.54786283,-31.26628375,198.143795013428,0.0650417537189874,4.80094611434242,3.25383886501385e-10
"AJ30",18.54789484,-31.2663193,198.253337860107,0.058563003903462,3.87963970378824,3.25383886501385e-10
"AJ25",18.54792685,-31.26635485,198.493171691895,0.0662368253244843,5.23672025700905,3.25383886501385e-10
"AJ20",18.54795886,-31.2663904,198.834728240967,0.0233225091020763,5.5781513958444,8.13459716253462e-11
"AJ15",18.54799087,-31.26642595,198.66764831543,0.0323665375668115,2.1032193593853,8.13459716253462e-11
"AJ10",18.54802288,-31.2664615,198.472053527832,0.0447927349916316,2.657815524381,4.06729844248943e-10
"AJ5",18.54805489,-31.26649705,198.272121429443,0.0536809269334757,2.83951303809424,1.62691943250692e-10
"AJ0",18.5480869,-31.2665326,198.011577606201,0.0494857647189331,2.7694265403525,8.13459716253462e-11
"AK50",18.547726,-31.266205,197.378555297852,0.0700355641780394,5.40306545876772,2.11499529001458e-09
"AK45",18.547758,-31.2662405,197.605522155762,0.0620219203859043,4.69203868948121,9.76151603993003e-10
"AK40",18.54779,-31.266276,197.736915588379,0.0585405545191921,4.49534588066011,8.9480567400102e-10
"AK35",18.547822,-31.2663115,197.902515411377,0.0564860562099646,4.7888340656083,5.69421787499635e-10
"AK30",18.547854,-31.266347,198.069366455078,0.0439362777050505,4.47151569548807,4.06729844248943e-10
"AK25",18.547886,-31.2663825,198.217433929443,0.0850619273948844,4.68597504999663,6.50767773002769e-10
"AK20",18.547918,-31.266418,198.458248138428,0.103689824983955,4.66797197401221,3.25383886501385e-10
"AK15",18.54795,-31.2664535,198.655746459961,0.038683996274958,2.63866616582127,8.13459716253462e-11
"AK10",18.547982,-31.266489,198.450717926025,0.043147210838342,2.73586934801946,8.13459716253462e-11
"AK5",18.548014,-31.2665245,198.203453063965,0.0741846351919046,2.65886377386877,3.25383886501385e-10
"AK0",18.548046,-31.26656,197.888614654541,0.0676119246639033,3.11784487780998,1.30153554600554e-09
